"slug","design","fabric","publish_state","title","title_chars","description","price_aud","price_2xl_aud","sizes","free_au_shipping","printful_product","printful_template_id","etsy_listing_id","etsy_url","tag_1","tag_2","tag_3","tag_4","tag_5","tag_6","tag_7","tag_8","tag_9","tag_10","tag_11","tag_12","tag_13"
"paper-boat-harbour","Paper Boat Harbour","poly","not_published","Paper Boat Harbour All Over Print T-Shirt, Dusk Coastal Art Tee, Polyester Full Print Shirt, Original Art by Lumen Sample Studio","128","A folded paper boat rests on still harbour water while the sky turns peach and grey. This is the original Paper Boat Harbour artwork, printed edge to edge across the whole shirt.

Portfolio sample only. Not a live shop listing and not for sale.

- Original artwork from the fictional Lumen Sample Studio
- All-over print: Paper Boat Harbour
- Soft, lightweight polyester tee, sublimation printed so the colours stay bright and won't crack or peel
- AU$69, GST included, with free shipping within Australia
- Sizes XS to 2XL (2XL is AU$73)
- Printed to order, so the artwork can sit slightly differently at the seams from shirt to shirt

Check the size guide in the photos before ordering a real shirt like this.","69","73","XS-2XL","True","257","","","","paper boat tee","harbour shirt","coastal art tee","dusk print shirt","ocean wave tee","nautical gift","calm water shirt","boat art tee","shoreline gift","paper boat","edge to edge tee","full coverage tee","sublimation tee"
"greenhouse-moon","Greenhouse Moon","poly","not_published","Greenhouse Moon All Over Print T-Shirt, Fern and Moonlight Art Tee, Polyester Full Print Shirt, Original Art by Lumen Sample Studio","131","A glass greenhouse stands under a huge moon, ferns pressed to the panes. This is the original Greenhouse Moon artwork, printed edge to edge across the whole shirt.

Portfolio sample only. Not a live shop listing and not for sale.

- Original artwork from the fictional Lumen Sample Studio
- All-over print: Greenhouse Moon
- Soft, lightweight polyester tee, sublimation printed so the colours stay bright and won't crack or peel
- AU$69, GST included, with free shipping within Australia
- Sizes XS to 2XL (2XL is AU$73)
- Printed to order, so the artwork can sit slightly differently at the seams from shirt to shirt

Check the size guide in the photos before ordering a real shirt like this.","69","73","XS-2XL","True","257","","","","greenhouse tee","moonlight shirt","fern art tee","glasshouse tee","plant lover gift","moon print shirt","night garden tee","botanical gift","green thumb tee","greenhouse moon","whole shirt print","photo print tee","made to order tee"
"paper-boat-harbour","Paper Boat Harbour","cotton","not_published","Paper Boat Harbour All Over Print T-Shirt, Dusk Coastal Art Tee, Cotton Full Print Shirt, Original Art by Lumen Sample Studio","125","A folded paper boat rests on still harbour water while the sky turns peach and grey. This is the original Paper Boat Harbour artwork, printed edge to edge across the whole shirt.

Portfolio sample only. Not a live shop listing and not for sale.

- Original artwork from the fictional Lumen Sample Studio
- All-over print: Paper Boat Harbour
- Soft cotton tee with the artwork printed across the whole shirt
- AU$75, GST included, with free shipping within Australia
- Sizes XS to 2XL (2XL is AU$79)
- Printed to order, so the artwork can sit slightly differently at the seams from shirt to shirt

Check the size guide in the photos before ordering a real shirt like this.","75","79","XS-2XL","True","1414","","","","paper boat tee","harbour shirt","coastal art tee","dusk print shirt","ocean wave tee","nautical gift","calm water shirt","boat art tee","shoreline gift","paper boat","cotton print tee","soft cotton tee","sample art shirt"
"greenhouse-moon","Greenhouse Moon","cotton","not_published","Greenhouse Moon All Over Print T-Shirt, Fern and Moonlight Art Tee, Cotton Full Print Shirt, Original Art by Lumen Sample Studio","128","A glass greenhouse stands under a huge moon, ferns pressed to the panes. This is the original Greenhouse Moon artwork, printed edge to edge across the whole shirt.

Portfolio sample only. Not a live shop listing and not for sale.

- Original artwork from the fictional Lumen Sample Studio
- All-over print: Greenhouse Moon
- Soft cotton tee with the artwork printed across the whole shirt
- AU$75, GST included, with free shipping within Australia
- Sizes XS to 2XL (2XL is AU$79)
- Printed to order, so the artwork can sit slightly differently at the seams from shirt to shirt

Check the size guide in the photos before ordering a real shirt like this.","75","79","XS-2XL","True","1414","","","","greenhouse tee","moonlight shirt","fern art tee","glasshouse tee","plant lover gift","moon print shirt","night garden tee","botanical gift","green thumb tee","greenhouse moon","cotton print tee","soft cotton tee","sample art shirt"
